<?xml version="1.0" encoding="UTF-8" ?>

<!-- 
 * tiles_es.xml
 *
 * Copyright (C) 2019 Universidad de Sevilla
 * 
 * The use of this project is hereby constrained to the conditions of the 
 * TDG Licence, a copy of which you may download from 
 * http://www.tdg-seville.info/License.html
 -->

<!DOCTYPE tiles-definitions PUBLIC
       "-//Apache Software Foundation//DTD Tiles Configuration 2.0//EN"
       "http://tiles.apache.org/dtds/tiles-config_2_0.dtd">
      
<tiles-definitions>

	<definition name="administrator/action-1" extends="master.page">	
		<put-attribute name="title" value="Administrador: Acción 1" />
		<put-attribute name="body" value="/views/administrator/action-1.jsp" />
	</definition>
	
	<definition name="administrator/action-2" extends="master.page">	
		<put-attribute name="title" value="Administrador: Acción 2" />
		<put-attribute name="body" value="/views/administrator/action-2.jsp" />
	</definition>
	
		<definition name="administrator/create" extends="master.page">	
		<put-attribute name="title" value="Registrar administrador" />
		<put-attribute name="body" value="/views/administrator/register.jsp" />
	</definition>
	
	<definition name="administrator/edit" extends="master.page">	
		<put-attribute name="title" value="Editar administrador" />
		<put-attribute name="body" value="/views/administrator/edit.jsp" />
	</definition>
	
	<definition name="administrator/show" extends="master.page">	
		<put-attribute name="title" value="Datos personales" />
		<put-attribute name="body" value="/views/administrator/show.jsp" />
	</definition>
	
</tiles-definitions>