<?xml version="1.0" encoding="UTF-8" ?>

<!-- 
 * tiles_es.xml
 *
 * Copyright (C) 2018 Universidad de Sevilla
 * 
 * The use of this project is hereby constrained to the conditions of the 
 * TDG Licence, a copy of which you may download from 
 * http://www.tdg-seville.info/License.html
 -->

<!DOCTYPE tiles-definitions PUBLIC
       "-//Apache Software Foundation//DTD Tiles Configuration 2.0//EN"
       "http://tiles.apache.org/dtds/tiles-config_2_0.dtd">
      
<tiles-definitions>
	
	<definition name="brotherhood/register" extends="master.page">	
		<put-attribute name="title" value="Registrar hermandad" />
		<put-attribute name="body" value="/views/brotherhood/register.jsp" />
	</definition>

	<definition name="brotherhood/show" extends="master.page">	
		<put-attribute name="title" value="Mostrar hermandad" />
		<put-attribute name="body" value="/views/brotherhood/show.jsp" />
	</definition>
	
	
	<definition name="brotherhood/edit" extends="master.page">	
		<put-attribute name="title" value="Editar hermandad" />
		<put-attribute name="body" value="/views/brotherhood/edit.jsp" />
	</definition>
	
	<definition name="brotherhood/show" extends="master.page">	
		<put-attribute name="title" value="Datos personales" />
		<put-attribute name="body" value="/views/brotherhood/show.jsp" />
	</definition>
	
	<definition name="brotherhood/list" extends="master.page">	
		<put-attribute name="title" value="Hermandades" />
		<put-attribute name="body" value="/views/brotherhood/list.jsp" />
	</definition>
	
</tiles-definitions>